{
  "L1_CALIB_MAX": 266836.91,
  "L1_REQUANT_DIV": 2101.078031496063,
  "L2_CALIB_MAX": 19697.69,
  "L2_REQUANT_DIV": 155.09992125984252
}