{
  "fc1": 0.006771059241145849,
  "fc2": 0.004825628828257322,
  "fc3": 0.005061395466327667
}